iso_code,continent,country,total_cases,new_cases,total_deaths,new_deaths,total_cases_per_million,new_cases_per_million,total_deaths_per_million,new_deaths_per_million,new_vaccinations_smoothed_per_million,stringency_index,population_density,median_age,aged_65_older,aged_70_older,gdp_per_capita,extreme_poverty,cardiovasc_death_rate,diabetes_prevalence,female_smokers,male_smokers,handwashing_facilities,hospital_beds_per_thousand,life_expectancy,human_development_index,population,total_deaths_per_hundred,total_deaths_per_ratio,cid
AFG,Asia,Afghanistan,55174.0,53.0,2406.0,1.0,1375.929,5.3e-05,0.002406,1e-06,1133.0,12.04,54.422,18.6,2.581,1.337,1803.987,2.2,597.029,9.59,6.2,31.2,37.746,0.5,64.83,0.511,41128772.0,24.060000000000002,5.8499193703133174e-05,1
ALB,Europe,Albania,75454.0,887.0,1350.0,11.0,26431.406,0.000887,0.00135,1.1e-05,0.0,60.19,104.871,38.0,13.188,8.643,11803.431,1.1,304.195,10.08,7.1,51.2,47.964,2.89,78.57,0.795,2842318.0,13.5,0.00047496444803150103,2
DZA,Africa,Algeria,105124.0,272.0,2856.0,3.0,2379.557,0.000272,0.002856,3e-06,1133.0,72.22,17.348,29.1,6.211,3.857,13913.839,0.5,278.364,6.73,0.7,30.4,83.741,1.9,76.88,0.748,44903228.0,28.56,6.360344516879722e-05,3
AND,Europe,Andorra,10070.0,53.0,103.0,1.0,127413.518,5.3e-05,0.000103,1e-06,689.0,55.56,163.755,30.626080159524133,6.614,3.915,13111.214,2.2,109.135,7.97,29.0,37.8,47.964,2.397,83.73,0.868,79843.0,1.03,0.0012900316871861028,4
AGO,Africa,Angola,20381.0,15.0,493.0,1.0,590.689,1.5e-05,0.000493,1e-06,1133.0,61.11,23.89,16.8,2.405,1.362,5819.495,2.2,276.045,3.94,6.2,31.2,26.664,2.397,61.15,0.581,35588996.0,4.93,1.3852596459872035e-05,5
AIA,North America,Anguilla,2270.0,0.0,7.0,0.0,144099.537,0.0,7e-06,0.0,1764.0,47.24,85.129,30.626080159524133,6.614,3.915,13111.214,2.2,242.648,7.11,6.2,31.2,47.964,2.397,81.88,0.75,15877.0,0.06999999999999999,0.0004408893367764691,6
ATG,North America,Antigua and Barbuda,427.0,8.0,9.0,0.0,4580.562,8e-06,9e-06,0.0,1133.0,47.24,231.845,32.1,6.933,4.631,21490.943,2.2,191.511,13.17,6.2,31.2,47.964,3.8,77.02,0.778,93772.0,0.09,9.597747728533038e-05,7
ARG,South America,Argentina,1867223.0,5031.0,46827.0,90.0,41240.19,0.005031,0.046827,9e-05,220.0,79.17,16.177,31.9,11.198,7.441,18933.907,0.6,191.032,5.5,16.2,27.7,47.964,5.0,76.67,0.845,45510324.0,468.27,0.0010289313695064004,8
ARM,Asia,Armenia,167421.0,190.0,3096.0,7.0,59986.585,0.00019,0.003096,7e-06,1133.0,47.24,102.931,35.7,11.232,7.571,8787.58,1.8,341.01,7.11,1.5,52.1,94.043,4.2,75.09,0.776,2780472.0,30.959999999999997,0.0011134800134653398,9
ABW,North America,Aruba,6944.0,48.0,59.0,0.0,65179.845,4.8e-05,5.9e-05,0.0,1133.0,46.3,584.8,41.2,13.085,7.452,35973.781,2.2,242.648,11.62,6.2,31.2,47.964,2.397,76.29,0.75,106459.0,0.59,0.0005542039658460064,10
AUS,Oceania,Australia,28660.0,10.0,909.0,0.0,1105.663,1e-05,0.000909,0.0,1133.0,55.09,3.202,37.9,15.504,10.129,44648.71,0.5,107.791,5.07,13.0,16.5,47.964,3.84,83.44,0.944,26177410.0,9.09,3.472459651279481e-05,11
AUT,Europe,Austria,403321.0,1425.0,9178.0,52.0,45204.808,0.001425,0.009178,5.2e-05,879.0,82.41,106.749,44.4,19.202,13.748,45436.686,0.7,145.183,6.35,28.4,30.9,47.964,7.37,81.54,0.922,8939617.0,91.78,0.001026665907499169,12
AZE,Asia,Azerbaijan,229793.0,209.0,3113.0,8.0,22281.895,0.000209,0.003113,8e-06,314.0,79.63,119.309,32.4,6.018,3.871,15847.419,2.2,559.812,7.11,0.3,42.5,83.241,4.7,73.0,0.756,10358078.0,31.13,0.0003005383817345264,13
BHS,North America,Bahamas,8289.0,0.0,176.0,0.0,20320.858,0.0,0.000176,0.0,1133.0,68.98,39.497,34.3,8.996,5.2,27717.847,2.2,235.954,13.17,3.1,20.4,47.964,2.9,73.92,0.814,409989.0,1.76,0.0004292798099461205,14
BHR,Asia,Bahrain,103057.0,431.0,375.0,3.0,70429.485,0.000431,0.000375,3e-06,5238.0,58.33,1935.907,32.4,2.372,1.387,43290.705,2.2,151.689,16.52,5.8,37.6,47.964,2.0,77.29,0.852,1472237.0,3.75,0.0002547144243759666,15
BGD,Asia,Bangladesh,535582.0,443.0,8137.0,10.0,3162.458,0.000443,0.008137,1e-05,12.0,81.02,1265.036,27.5,5.098,3.262,3523.984,14.8,298.003,8.38,1.0,44.7,34.808,0.8,72.59,0.632,171186368.0,81.37,4.753299047737259e-05,16
BRB,North America,Barbados,1904.0,47.0,20.0,0.0,6770.982,4.7e-05,2e-05,0.0,1133.0,74.07,664.463,39.8,14.952,9.473,16978.068,2.2,170.05,13.57,1.9,14.5,88.469,5.8,79.19,0.814,281646.0,0.2,7.101112744367042e-05,17
BLR,Europe,Belarus,261859.0,1799.0,1811.0,10.0,27339.153,0.001799,0.001811,1e-05,42.0,42.59,46.858,40.3,14.799,9.788,17167.967,2.2,443.129,5.18,10.5,46.1,47.964,11.0,74.79,0.823,9534956.0,18.11,0.0001899327065588976,18
BEL,Europe,Belgium,696642.0,1784.0,20879.0,65.0,59996.28,0.001784,0.020879,6.5e-05,1440.0,60.19,375.564,41.8,18.571,12.849,42658.576,0.2,114.898,4.29,25.1,31.4,47.964,5.64,81.63,0.931,11655923.0,208.79000000000002,0.0017912781338723668,19
BLZ,North America,Belize,12134.0,20.0,313.0,0.0,30332.649,2e-05,0.000313,0.0,1133.0,73.15,16.426,25.0,3.853,2.279,7824.362,2.2,176.957,17.11,6.2,31.2,90.083,1.3,74.62,0.716,405285.0,3.1300000000000003,0.000772296038590128,20
BEN,Africa,Benin,4560.0,0.0,56.0,0.0,350.853,0.0,5.6e-05,0.0,1133.0,30.56,99.11,18.8,3.244,1.942,2064.236,49.6,235.848,0.99,0.6,12.3,11.035,0.5,61.77,0.545,13352864.0,0.5599999999999999,4.193856838502961e-06,21
BMU,North America,Bermuda,694.0,0.0,12.0,0.0,10812.495,0.0,1.2e-05,0.0,7024.0,50.93,1308.82,30.626080159524133,6.614,3.915,50669.315,2.2,139.547,13.0,6.2,31.2,47.964,2.397,82.59,0.75,64207.0,0.12000000000000001,0.0001868955098353762,22
BTN,Asia,Bhutan,2577.0,0.0,3.0,0.0,3314.529,0.0,3e-06,0.0,3931.0,72.22,21.188,28.6,4.885,2.977,8708.597,1.5,217.066,9.75,6.2,31.2,79.807,1.7,71.78,0.654,782457.0,0.030000000000000002,3.834076505162584e-06,23
BOL,South America,Bolivia,232502.0,1771.0,10996.0,67.0,19247.696,0.001771,0.010996,6.7e-05,77.0,19.44,10.202,25.4,6.704,4.393,6885.829,7.1,204.299,6.89,6.2,31.2,25.383,1.1,71.51,0.718,12224114.0,109.96000000000001,0.0008995334958427253,24
BES,North America,Bonaire Sint Eustatius and Saba,1615.0,0.0,17.0,0.0,60473.302,0.0,1.7e-05,0.0,7245.0,47.24,85.129,30.626080159524133,6.614,3.915,13111.214,2.2,242.648,7.11,6.2,31.2,47.964,2.397,77.79,0.75,27052.0,0.17,0.0006284193405293509,25
BIH,Europe,Bosnia and Herzegovina,122461.0,262.0,4737.0,13.0,37439.05,0.000262,0.004737,1.3e-05,1133.0,42.59,68.496,42.5,16.569,10.711,11713.895,0.2,329.635,10.08,30.2,47.7,97.164,3.5,77.4,0.78,3233530.0,47.37,0.001464962440428881,26
BWA,Africa,Botswana,24435.0,932.0,179.0,16.0,9440.111,0.000932,0.000179,1.6e-05,1133.0,53.7,4.044,25.8,3.941,2.242,15807.374,2.2,237.372,4.81,5.7,34.4,47.964,1.8,69.59,0.735,2630300.0,1.7899999999999998,6.805307379386382e-05,27
BRA,South America,Brazil,9068004.0,60760.0,221801.0,1438.0,42309.354,0.06076,0.221801,0.001438,909.0,69.91,25.04,33.5,8.552,5.06,14103.452,3.4,177.961,8.11,10.1,17.9,47.964,2.2,75.88,0.765,215313504.0,2218.0099999999998,0.0010301304650171873,28
VGB,North America,British Virgin Islands,114.0,0.0,1.0,0.0,3663.004,0.0,1e-06,0.0,1133.0,47.24,207.973,30.626080159524133,6.614,3.915,13111.214,2.2,242.648,13.67,6.2,31.2,47.964,2.397,79.07,0.75,31332.0,0.01,3.1916251755393846e-05,29
BRN,Asia,Brunei,180.0,0.0,3.0,0.0,404.156,0.0,3e-06,0.0,1133.0,35.19,81.347,32.4,4.591,2.382,71809.251,2.2,201.285,12.79,2.0,30.9,47.964,2.7,75.86,0.838,449002.0,0.030000000000000002,6.681484714990134e-06,30
BGR,Europe,Bulgaria,217014.0,598.0,8944.0,28.0,31515.852,0.000598,0.008944,2.8e-05,185.0,53.7,65.18,44.7,20.801,13.272,18563.307,1.5,424.688,5.81,30.1,44.4,47.964,7.454,75.05,0.816,6781955.0,89.44000000000001,0.0013187937696431192,31
BFA,Africa,Burkina Faso,10103.0,65.0,117.0,5.0,457.135,6.5e-05,0.000117,5e-06,1133.0,16.67,70.151,17.6,2.409,1.358,1703.102,43.7,269.048,2.42,1.6,23.9,11.877,0.4,61.58,0.452,22673764.0,1.17,5.160148972177712e-06,32
BDI,Africa,Burundi,2034.0,3.0,3.0,0.0,162.056,3e-06,3e-06,0.0,1133.0,27.31,423.062,17.5,2.562,1.504,702.225,71.7,293.068,6.05,6.2,31.2,6.144,0.8,61.58,0.433,12889583.0,0.030000000000000002,2.3274608651032388e-07,33
KHM,Asia,Cambodia,101443.0,653.0,2067.0,9.0,6115.068,0.000653,0.002067,9e-06,7467.0,77.78,90.672,25.6,4.412,2.385,3645.07,2.2,270.892,4.0,2.0,33.7,66.229,0.8,69.82,0.594,16767851.0,20.669999999999998,0.00012327161065541433,34
CMR,Africa,Cameroon,30313.0,0.0,474.0,0.0,1114.505,0.0,0.000474,0.0,1133.0,24.07,50.885,18.8,3.165,1.919,3364.926,23.8,244.661,7.2,6.2,31.2,2.735,1.3,59.29,0.563,27914542.0,4.739999999999999,1.6980396812528752e-05,35
CAN,North America,Canada,738597.0,5843.0,18688.0,140.0,19357.798,0.005843,0.018688,0.00014,1052.0,75.46,4.037,41.4,16.984,10.797,44017.591,0.5,105.599,7.37,12.0,16.6,47.964,2.5,82.43,0.929,38454328.0,186.88,0.0004859791074752366,36
CPV,Africa,Cape Verde,14214.0,62.0,135.0,1.0,24176.553,6.2e-05,0.000135,1e-06,1133.0,59.26,135.58,25.7,4.46,3.437,6222.554,2.2,182.219,2.42,2.1,16.5,47.964,2.1,72.98,0.665,593162.0,1.35,0.00022759381079705038,37
CYM,North America,Cayman Islands,387.0,2.0,2.0,0.0,5679.817,2e-06,2e-06,0.0,4002.0,47.24,256.496,30.626080159524133,6.614,3.915,49903.029,2.2,242.648,13.22,6.2,31.2,47.964,2.397,83.92,0.75,68722.0,0.02,2.9102761852099765e-05,38
CAF,Africa,Central African Republic,5025.0,2.0,63.0,0.0,920.81,2e-06,6.3e-05,0.0,1133.0,12.96,7.479,18.3,3.655,2.251,661.24,2.2,435.727,6.1,6.2,31.2,16.603,1.0,53.28,0.397,5579148.0,0.63,1.1292046742620916e-05,39
TCD,Africa,Chad,4089.0,33.0,140.0,0.0,238.013,3.3e-05,0.00014,0.0,1133.0,22.22,11.833,16.7,2.486,1.446,1768.153,38.4,280.995,6.1,6.2,31.2,5.818,2.397,54.24,0.398,17723312.0,1.4,7.89920078143408e-06,40
CHL,South America,Chile,730888.0,3779.0,18537.0,85.0,37494.542,0.003779,0.018537,8.5e-05,5.0,79.17,24.282,35.4,11.087,6.938,22767.037,1.3,127.993,8.46,34.2,41.5,47.964,2.11,80.18,0.851,19603736.0,185.37,0.000945585066030271,41
CHN,Asia,China,93679.0,22.0,4634.0,0.0,65.698,2.2e-05,0.004634,0.0,131.0,78.24,147.674,38.7,10.641,5.929,15308.712,0.7,261.899,9.74,1.9,48.4,47.964,4.34,76.91,0.761,1425887360.0,46.34,3.249906079537727e-06,42
COL,South America,Colombia,2077633.0,10058.0,53284.0,371.0,40329.419,0.010058,0.053284,0.000371,1133.0,81.02,44.223,32.2,7.646,4.312,13254.949,4.5,124.24,7.44,4.7,13.5,65.386,1.71,77.29,0.767,51874028.0,532.84,0.001027180692426661,43
COM,Africa,Comoros,3606.0,10.0,146.0,0.0,4388.858,1e-05,0.000146,0.0,1133.0,47.24,437.352,20.4,2.963,1.726,1413.89,18.1,261.516,11.88,4.4,23.6,15.574,2.2,64.32,0.554,836783.0,1.46,0.00017447773198069272,44
COG,Africa,Congo,8419.0,0.0,123.0,0.0,1442.646,0.0,0.000123,0.0,1133.0,43.52,15.405,19.0,3.402,2.063,4881.406,37.0,344.094,7.2,1.7,52.3,47.964,2.397,64.57,0.574,5970430.0,1.23,2.060153121299471e-05,45
COK,Oceania,Cook Islands,5774.0,0.0,1.0,0.0,339587.132,0.0,1e-06,0.0,1133.0,47.24,85.129,30.626080159524133,6.614,3.915,13111.214,2.2,242.648,7.11,6.2,31.2,47.964,2.397,76.25,0.75,17032.0,0.01,5.871301080319399e-05,46
CRI,North America,Costa Rica,194569.0,1293.0,2634.0,30.0,37751.382,0.001293,0.002634,3e-05,264.0,66.67,96.079,33.6,9.468,5.694,15524.995,1.3,137.973,8.78,6.4,17.4,83.841,1.13,80.28,0.81,5180836.0,26.34,0.0005084121558760015,47
CIV,Africa,Cote d'Ivoire,29825.0,258.0,162.0,0.0,1085.404,0.000258,0.000162,0.0,1133.0,17.59,76.399,18.7,2.933,1.582,3601.006,28.2,303.74,2.42,6.2,31.2,19.351,2.397,57.78,0.538,28160548.0,1.62,5.752728959677916e-06,48
HRV,Europe,Croatia,229502.0,448.0,4882.0,23.0,56525.707,0.000448,0.004882,2.3e-05,645.0,56.48,73.726,44.0,19.724,13.053,22669.797,0.7,253.782,5.59,34.3,39.9,47.964,5.54,78.49,0.851,4030361.0,48.82,0.0012113058855025643,49
CUB,North America,Cuba,26686.0,1012.0,214.0,1.0,2370.746,0.001012,0.000214,1e-06,1133.0,78.7,110.408,43.1,14.738,9.719,13111.214,2.2,190.968,8.27,17.1,53.3,85.198,5.2,78.8,0.783,11212198.0,2.14,1.908635577074183e-05,50
CUW,North America,Curacao,4585.0,0.0,21.0,0.0,24088.726,0.0,2.1e-05,0.0,1133.0,47.24,362.644,41.7,16.367,10.068,13111.214,2.2,242.648,11.62,6.2,31.2,47.964,2.397,78.88,0.75,191173.0,0.21,0.00010984814801253315,51
CYP,Europe,Cyprus,31635.0,128.0,203.0,0.0,35306.644,0.000128,0.000203,0.0,1199.0,80.56,127.657,37.3,13.416,8.563,32415.132,2.2,141.171,9.24,19.6,52.7,47.964,3.4,80.98,0.887,896007.0,2.03,0.00022656072999429692,52
CZE,Europe,Czechia,1021477.0,8125.0,16976.0,150.0,97184.026,0.008125,0.016976,0.00015,1083.0,81.48,137.176,43.3,19.027,11.58,32605.906,2.2,227.485,6.82,30.5,38.3,47.964,6.63,79.38,0.9,10493990.0,169.76000000000002,0.001617687838467542,53
COD,Africa,Democratic Republic of Congo,23043.0,201.0,675.0,2.0,240.296,0.000201,0.000675,2e-06,1133.0,52.78,35.879,17.0,3.02,1.745,808.133,77.1,318.949,6.1,6.2,31.2,4.472,2.397,60.68,0.48,99010216.0,6.75,6.81747830951101e-06,54
DNK,Europe,Denmark,194671.0,754.0,1983.0,14.0,33252.993,0.000754,0.001983,1.4e-05,794.0,70.37,136.52,42.3,19.677,12.325,46682.515,0.2,114.767,6.41,19.3,18.8,47.964,2.5,80.9,0.94,5882259.0,19.83,0.0003371153837326782,55
DJI,Africa,Djibouti,6022.0,14.0,63.0,0.0,5447.028,1.4e-05,6.3e-05,0.0,1133.0,37.96,41.285,25.4,4.213,2.38,2705.406,22.5,258.037,6.05,1.7,24.5,47.964,1.4,67.11,0.524,1120851.0,0.63,5.620729249472053e-05,56
DMA,North America,Dominica,7137.0,64.0,47.0,0.0,98561.012,6.4e-05,4.7e-05,0.0,1952.0,65.58,98.567,30.626080159524133,6.614,3.915,9673.367,2.2,227.376,11.62,6.2,31.2,47.964,3.8,75.0,0.742,72758.0,0.47,0.0006459770746859452,57
DOM,North America,Dominican Republic,210412.0,1802.0,2626.0,23.0,18925.561,0.001802,0.002626,2.3e-05,1133.0,70.37,222.873,27.6,6.981,4.419,14600.861,1.6,266.653,8.2,8.5,19.1,55.182,1.6,74.08,0.756,11228821.0,26.259999999999998,0.00023386248654244288,58
ECU,South America,Ecuador,250828.0,1049.0,14859.0,8.0,14093.252,0.001049,0.014859,8e-06,21.0,69.44,66.939,28.1,7.104,4.458,10581.936,3.6,140.448,5.55,2.0,12.3,80.635,1.5,77.01,0.759,18001002.0,148.59,0.0008254540497245654,59
EGY,Africa,Egypt,162486.0,669.0,9012.0,53.0,1487.12,0.000669,0.009012,5.3e-05,2.0,54.63,97.999,25.3,5.159,2.891,10550.206,1.3,525.432,17.31,0.2,50.1,89.827,1.6,71.99,0.707,110990096.0,90.11999999999999,8.119643395929669e-05,60
SLV,North America,El Salvador,57638.0,210.0,1734.0,7.0,9128.362,0.00021,0.001734,7e-06,1133.0,46.3,307.811,27.6,8.273,5.417,7292.458,2.2,167.295,8.87,2.5,18.8,90.65,1.3,73.32,0.673,6336393.0,17.34,0.0002736572684175366,61
GNQ,Africa,Equatorial Guinea,5747.0,0.0,88.0,0.0,3516.133,0.0,8.8e-05,0.0,1133.0,47.24,45.194,22.4,2.846,1.752,22604.873,2.2,202.812,7.78,6.2,31.2,24.64,2.1,58.74,0.592,1674916.0,0.88,5.253994827203275e-05,62
ERI,Africa,Eritrea,6576.0,0.0,35.0,0.0,1816.418,0.0,3.5e-05,0.0,1133.0,47.24,44.304,19.3,3.607,2.171,1510.459,2.2,311.11,6.05,0.2,11.4,47.964,0.7,66.32,0.459,3684041.0,0.35,9.5004371558297e-06,63
EST,Europe,Estonia,48809.0,542.0,474.0,8.0,36734.374,0.000542,0.000474,8e-06,1642.0,38.85,31.033,42.7,19.452,13.491,29481.252,0.5,255.569,4.02,24.5,39.3,47.964,4.69,78.74,0.892,1326064.0,4.739999999999999,0.00035744881091712014,64
SWZ,Africa,Eswatini,16764.0,22.0,645.0,1.0,14060.562,2.2e-05,0.000645,1e-06,1133.0,75.0,79.492,21.5,3.163,1.845,7738.975,2.2,333.436,3.94,1.7,16.5,24.097,2.1,60.19,0.611,1201680.0,6.449999999999999,0.000536748552027162,65
ETH,Africa,Ethiopia,148490.0,665.0,2223.0,14.0,1234.505,0.000665,0.002223,1.4e-05,1133.0,37.96,104.957,19.8,3.526,2.063,1729.927,26.7,182.634,7.47,0.4,8.5,7.96,0.3,66.6,0.485,123379928.0,22.23,1.8017517403641216e-05,66
FRO,Europe,Faeroe Islands,991.0,0.0,2.0,0.0,18737.71,0.0,2e-06,0.0,3521.0,36.11,35.308,30.626080159524133,6.614,3.915,13111.214,2.2,242.648,7.11,6.2,31.2,47.964,2.397,80.67,0.75,53117.0,0.02,3.765272888152569e-05,67
FJI,Oceania,Fiji,121.0,0.0,2.0,0.0,130.866,0.0,2e-06,0.0,1895.0,60.19,49.562,28.6,6.224,3.284,8702.975,1.4,412.82,14.49,10.2,34.8,47.964,2.3,67.44,0.743,929769.0,0.02,2.151071932920973e-06,68
FIN,Europe,Finland,40766.0,198.0,663.0,0.0,7363.811,0.000198,0.000663,0.0,900.0,52.31,18.136,42.8,21.228,13.264,40585.721,2.2,153.507,5.76,18.3,22.6,47.964,3.28,81.91,0.938,5540745.0,6.63,0.00011965899892523478,69
FRA,Europe,France,3005852.0,26758.0,71664.0,310.0,44582.658,0.026758,0.071664,0.00031,1134.0,63.89,122.578,42.0,19.718,13.079,38605.671,2.2,86.06,4.77,30.1,35.6,47.964,5.98,82.66,0.901,67813000.0,716.6400000000001,0.0010567885213749577,70
PYF,Oceania,French Polynesia,18860.0,0.0,142.0,0.0,62032.944,0.0,0.000142,0.0,3872.0,47.24,77.324,32.7,7.775,4.593,13111.214,2.2,242.648,22.63,6.2,31.2,47.964,2.397,77.66,0.75,306292.0,1.4200000000000002,0.0004636098886030324,71
GAB,Africa,Gabon,10952.0,204.0,68.0,0.0,4677.985,0.000204,6.8e-05,0.0,1133.0,65.74,7.859,23.1,4.45,2.976,16562.413,3.4,259.967,7.2,6.2,31.2,47.964,6.3,66.47,0.703,2388997.0,0.68,2.846382812535972e-05,72
GMB,Africa,Gambia,4184.0,0.0,132.0,0.0,1584.899,0.0,0.000132,0.0,1133.0,45.37,207.566,17.5,2.339,1.417,1561.767,10.1,331.43,1.91,0.7,31.2,7.876,1.1,62.05,0.496,2705995.0,1.32,4.878057793898363e-05,73
GEO,Asia,Georgia,263601.0,544.0,3311.0,5.0,70144.333,0.000544,0.003311,5e-06,1133.0,80.56,65.032,38.7,14.864,10.244,9745.079,4.2,496.218,7.11,5.3,55.5,47.964,2.6,73.77,0.812,3744385.0,33.11,0.0008842573613557366,74
DEU,Europe,Germany,2148077.0,6412.0,52990.0,903.0,25753.677,0.006412,0.05299,0.000903,1141.0,83.33,237.016,46.6,21.453,15.957,45229.245,2.2,156.139,8.31,28.2,33.1,47.964,8.0,81.33,0.947,83369840.0,529.9,0.0006356015556704919,75
GHA,Africa,Ghana,68559.0,777.0,433.0,9.0,2088.111,0.000777,0.000433,9e-06,1133.0,38.89,126.719,21.1,3.385,1.948,4227.63,12.0,298.245,4.97,0.3,7.7,41.047,0.9,64.07,0.611,33475870.0,4.33,1.2934689972209834e-05,76
GIB,Europe,Gibraltar,4403.0,11.0,94.0,0.0,134771.962,1.1e-05,9.4e-05,0.0,306.0,47.24,3457.1,30.626080159524133,6.614,3.915,13111.214,2.2,242.648,7.11,6.2,31.2,47.964,2.397,79.93,0.75,32677.0,0.94,0.0028766410625210392,77
GRC,Europe,Greece,149973.0,511.0,5545.0,27.0,14357.852,0.000511,0.005545,2.7e-05,618.0,80.56,83.479,45.3,20.396,14.524,24574.382,1.5,175.695,4.55,35.3,52.0,47.964,4.21,82.24,0.888,10384972.0,55.449999999999996,0.0005339446269089604,78
GRL,North America,Greenland,11971.0,0.0,21.0,0.0,212844.265,0.0,2.1e-05,0.0,1133.0,27.63,0.137,30.626080159524133,6.614,3.915,13111.214,2.2,199.941,2.16,6.2,31.2,47.964,2.397,71.7,0.75,56494.0,0.21,0.00037172089071405815,79
GRD,North America,Grenada,180.0,0.0,1.0,0.0,1444.507,0.0,1e-06,0.0,1028.0,47.24,317.132,29.4,7.304,5.021,13593.877,2.2,243.964,10.71,6.2,31.2,47.964,3.7,72.4,0.779,125459.0,0.01,7.970731474027372e-06,80
GTM,North America,Guatemala,157595.0,1098.0,5543.0,30.0,8949.948,0.001098,0.005543,3e-05,1133.0,59.72,157.834,22.9,4.694,3.016,7423.808,8.7,155.898,10.18,6.2,31.2,76.665,0.6,74.3,0.663,17843914.0,55.43,0.00031063812569372395,81
GIN,Africa,Guinea,15216.0,62.0,86.0,1.0,1124.454,6.2e-05,8.6e-05,1e-06,1133.0,47.69,51.755,19.0,3.135,1.733,1998.926,35.3,336.717,2.42,6.2,31.2,17.45,0.3,61.6,0.477,13859349.0,0.86,6.205197661159987e-06,82
GNB,Africa,Guinea-Bissau,3271.0,9.0,48.0,0.0,1587.309,9e-06,4.8e-05,0.0,1133.0,47.24,66.191,19.4,3.002,1.565,1548.675,67.1,382.474,2.42,6.2,31.2,6.403,2.397,58.32,0.48,2105580.0,0.48000000000000004,2.2796569116347988e-05,83
GUY,South America,Guyana,7380.0,34.0,174.0,2.0,9172.636,3.4e-05,0.000174,2e-06,1133.0,54.63,3.952,26.3,5.305,2.837,7435.047,2.2,373.159,11.62,6.2,31.2,77.159,1.6,69.91,0.682,808727.0,1.74,0.00021515295025391758,84
HTI,North America,Haiti,12206.0,0.0,247.0,0.0,1066.253,0.0,0.000247,0.0,1133.0,38.89,398.448,24.3,4.8,2.954,1653.173,23.5,430.548,6.65,2.9,23.1,22.863,0.7,64.0,0.51,11585003.0,2.4699999999999998,2.1320667763314346e-05,85
HND,North America,Honduras,151103.0,2152.0,3662.0,48.0,14701.101,0.002152,0.003662,4.8e-05,1133.0,87.96,82.805,24.9,4.652,2.883,4541.795,16.0,240.208,7.21,2.0,31.2,84.169,0.7,75.27,0.634,10432858.0,36.62,0.0003510064068733611,86
HKG,Asia,Hong Kong,8923.0,35.0,150.0,1.0,1190.594,3.5e-05,0.00015,1e-06,1133.0,71.3,7039.714,44.8,16.303,10.158,56054.92,2.2,242.648,8.33,6.2,31.2,47.964,2.397,84.86,0.949,7488863.0,1.4999999999999998,2.0029742832790506e-05,87
HUN,Europe,Hungary,363450.0,1569.0,12291.0,93.0,37431.309,0.001569,0.012291,9.3e-05,978.0,72.22,108.043,43.4,18.577,11.976,26777.561,0.5,278.296,7.55,26.8,34.8,47.964,7.02,76.88,0.854,9967304.0,122.91,0.0012331318478898607,88
ISL,Europe,Iceland,6009.0,7.0,29.0,0.0,16225.85,7e-06,2.9e-05,0.0,507.0,44.44,3.404,37.3,14.431,9.207,46482.958,0.2,117.992,5.31,14.3,15.2,47.964,2.91,82.99,0.949,372903.0,0.29,7.776821318144397e-05,89
IND,Asia,India,10701193.0,11666.0,153847.0,123.0,7602.634,0.011666,0.153847,0.000123,156.0,61.57,450.419,28.2,5.989,3.414,6426.674,21.2,282.28,10.39,1.9,20.6,59.55,0.53,69.66,0.645,1417173120.0,1538.47,0.0001085590728675407,90
IDN,Asia,Indonesia,999256.0,9994.0,28132.0,297.0,3650.208,0.009994,0.028132,0.000297,43.0,64.35,145.725,29.3,5.319,3.053,11188.744,5.7,342.864,6.32,2.8,76.1,64.204,1.04,71.72,0.718,275501344.0,281.32,0.00010211202454242837,91
IRN,Asia,Iran,1305339.0,6317.0,56457.0,97.0,14846.315,0.006317,0.056457,9.7e-05,1133.0,78.24,49.831,32.4,5.44,3.182,19082.62,0.2,270.308,9.59,0.8,21.1,47.964,1.5,76.68,0.783,88550568.0,564.57,0.00063756790357347,92
IRQ,Asia,Iraq,611407.0,809.0,12977.0,9.0,14044.488,0.000809,0.012977,9e-06,1133.0,53.7,88.125,20.0,3.186,1.957,15663.986,2.5,218.612,8.83,6.2,31.2,94.576,1.4,70.6,0.674,44496124.0,129.77,0.00029164337999417655,93
IRL,Europe,Ireland,192645.0,1463.0,3167.0,47.0,38633.109,0.001463,0.003167,4.7e-05,1211.0,87.96,69.874,38.7,13.928,8.678,67335.293,0.2,126.459,3.28,23.0,25.7,47.964,2.96,82.3,0.955,5023108.0,31.67,0.0006304861452311994,94
IMN,Europe,Isle of Man,434.0,0.0,25.0,0.0,5150.541,0.0,2.5e-05,0.0,6790.0,47.24,147.872,30.626080159524133,6.614,3.915,13111.214,2.2,242.648,7.11,6.2,31.2,47.964,2.397,81.4,0.75,84534.0,0.25,0.0002957389925946956,95
ISR,Asia,Israel,633991.0,5096.0,4700.0,31.0,68237.111,0.005096,0.0047,3.1e-05,18803.0,85.19,402.606,30.6,11.733,7.359,33132.32,0.5,93.32,6.74,15.4,35.4,47.964,2.99,82.97,0.919,9449000.0,47.0,0.0004974071330299503,96
ITA,Europe,Italy,2257866.0,19976.0,78394.0,483.0,38113.663,0.019976,0.078394,0.000483,1280.0,78.7,205.859,47.9,23.021,16.24,35220.084,2.0,113.151,4.78,19.8,27.8,47.964,3.18,83.51,0.892,59037472.0,783.94,0.0013278685103589802,97
JAM,North America,Jamaica,15653.0,126.0,350.0,2.0,5535.606,0.000126,0.00035,2e-06,1133.0,71.3,266.879,31.4,9.684,6.39,8193.571,2.2,206.537,11.28,5.3,28.6,66.425,1.7,74.47,0.734,2827382.0,3.5,0.0001237894278169699,98
JPN,Asia,Japan,275182.0,7957.0,3963.0,78.0,2208.301,0.007957,0.003963,7.8e-05,1133.0,49.54,347.778,48.2,27.049,18.493,39002.223,2.2,79.37,5.72,11.2,33.7,47.964,13.05,84.63,0.919,123951696.0,39.63,3.197213211185105e-05,99
JOR,Asia,Jordan,336839.0,1685.0,4385.0,6.0,30214.442,0.001685,0.004385,6e-06,161.0,57.41,109.285,23.2,3.81,2.361,8337.49,0.1,208.257,11.75,6.2,31.2,47.964,1.4,74.53,0.729,11285875.0,43.85,0.00038853877080864354,100
KAZ,Asia,Kazakhstan,235844.0,1275.0,3126.0,91.0,12285.804,0.001275,0.003126,9.1e-05,1133.0,68.52,6.681,30.6,6.991,4.625,24055.588,0.1,466.792,7.11,7.0,43.1,98.999,6.7,73.6,0.825,19397998.0,31.259999999999998,0.0001611506507011703,101
KEN,Africa,Kenya,100773.0,98.0,1763.0,8.0,1901.176,9.8e-05,0.001763,8e-06,1133.0,50.93,87.324,20.0,2.686,1.528,2993.028,36.8,218.637,2.92,1.2,20.4,24.651,1.4,66.7,0.601,54027484.0,17.63,3.2631539902913114e-05,102
KIR,Oceania,Kiribati,3093.0,4.0,13.0,0.0,24000.186,4e-06,1.3e-05,0.0,1311.0,39.81,143.701,23.2,3.895,2.21,1981.132,2.2,434.657,22.66,35.9,58.9,47.964,1.9,68.37,0.63,131237.0,0.13,9.905743045025412e-05,103
OWID_KOS,Europe,Kosovo,62548.0,860.0,1526.0,7.0,35097.623,0.00086,0.001526,7e-06,1133.0,69.44,168.155,30.626080159524133,6.614,3.915,9795.834,0.6,242.648,7.11,6.2,31.2,47.964,2.397,75.05,0.75,1782115.0,15.26,0.0008562859299203475,104
KWT,Asia,Kuwait,173983.0,987.0,980.0,5.0,40936.078,0.000987,0.00098,5e-06,1640.0,77.78,232.128,33.7,2.345,1.114,65530.537,2.2,132.235,15.84,2.7,37.0,47.964,2.0,75.49,0.806,4268886.0,9.799999999999999,0.00022956808872384973,105
KGZ,Asia,Kyrgyzstan,85689.0,0.0,1447.0,0.0,13126.895,0.0,0.001447,0.0,1133.0,36.11,32.333,26.3,4.489,2.882,3393.474,1.4,436.362,7.11,3.6,50.5,89.22,4.5,71.45,0.697,6630621.0,14.469999999999999,0.0002182299365323399,106
LAO,Asia,Laos,45020.0,959.0,77.0,1.0,6063.252,0.000959,7.7e-05,1e-06,2462.0,80.56,29.715,24.4,4.029,2.322,6397.36,22.7,368.111,4.0,7.3,51.2,49.839,1.5,67.92,0.613,7529477.0,0.77,1.0226473897191e-05,107
LVA,Europe,Latvia,72869.0,781.0,1363.0,16.0,38885.886,0.000781,0.001363,1.6e-05,476.0,53.7,31.212,43.9,19.754,14.136,25063.846,0.7,350.06,4.91,25.6,51.0,47.964,5.57,75.29,0.866,1850654.0,13.63,0.0007364963953283541,108
LBN,Asia,Lebanon,285754.0,3505.0,2477.0,103.0,51094.735,0.003505,0.002477,0.000103,1133.0,85.19,594.561,31.1,8.514,5.43,13367.565,2.2,266.591,12.71,26.9,40.7,47.964,2.9,78.93,0.744,5489744.0,24.77,0.0004512050106525914,109
LSO,Africa,Lesotho,10709.0,0.0,315.0,0.0,4693.936,0.0,0.000315,0.0,178.0,60.19,73.562,22.2,4.506,2.647,2851.153,59.6,405.126,3.94,0.4,53.9,2.117,2.397,54.33,0.527,2305826.0,3.15,0.00013661048145003135,110
LBR,Africa,Liberia,1956.0,0.0,84.0,0.0,376.631,0.0,8.4e-05,0.0,1133.0,40.74,49.127,19.2,3.057,1.756,752.788,38.6,272.509,2.42,1.5,18.1,1.188,0.8,64.1,0.48,5302690.0,0.84,1.584101654066144e-05,111
LBY,Africa,Libya,126361.0,333.0,2009.0,20.0,18761.07,0.000333,0.002009,2e-05,1133.0,76.85,3.623,29.0,4.424,2.816,17881.509,2.2,341.862,10.43,6.2,31.2,47.964,3.7,72.91,0.724,6812344.0,20.09,0.0002949058356418877,112
LIE,Europe,Liechtenstein,2616.0,1.0,55.0,0.0,67009.913,1e-06,5.5e-05,0.0,2236.0,53.7,237.012,30.626080159524133,6.614,3.915,13111.214,2.2,242.648,7.77,6.2,31.2,47.964,2.397,82.49,0.919,39355.0,0.55,0.0013975352560030492,113
LTU,Europe,Lithuania,184754.0,306.0,2844.0,22.0,66299.655,0.000306,0.002844,2.2e-05,1502.0,70.37,45.135,43.5,19.002,13.778,29524.265,0.7,342.989,3.67,21.3,38.0,47.964,6.56,75.93,0.882,2750058.0,28.44,0.0010341600068071292,114
LUX,Europe,Luxembourg,50388.0,0.0,577.0,0.0,78814.868,0.0,0.000577,0.0,1041.0,51.85,231.447,39.7,14.312,9.842,94277.965,0.2,128.275,4.42,20.9,26.0,47.964,4.51,82.25,0.916,647601.0,5.7700000000000005,0.0008909807118889563,115
MAC,Asia,Macao,791.0,0.0,6.0,0.0,1152.042,0.0,6e-06,0.0,1226.0,56.48,20546.766,39.2,9.798,4.991,104861.851,2.2,242.648,7.11,6.2,31.2,47.964,2.397,84.24,0.75,695180.0,0.060000000000000005,8.630858194999857e-06,116
MDG,Africa,Madagascar,19831.0,0.0,297.0,0.0,685.822,0.0,0.000297,0.0,1133.0,37.04,43.951,19.6,2.929,1.686,1416.44,77.6,405.994,3.94,6.2,31.2,50.54,0.2,67.04,0.528,29611718.0,2.97,1.002981319759968e-05,117
MWI,Africa,Malawi,28876.0,246.0,937.0,11.0,1451.804,0.000246,0.000937,1.1e-05,1133.0,51.85,197.519,18.1,2.979,1.783,1095.042,71.4,227.349,3.94,4.4,24.7,8.704,1.3,64.26,0.483,20405318.0,9.37,4.591940199118681e-05,118
MYS,Asia,Malaysia,203933.0,5725.0,733.0,16.0,6074.158,0.005725,0.000733,1.6e-05,1133.0,77.31,96.254,29.9,6.293,3.407,26808.164,0.1,260.942,16.74,1.0,42.4,47.964,1.9,76.16,0.81,33938216.0,7.33,2.159807103590831e-05,119
MDV,Asia,Maldives,19479.0,133.0,60.0,0.0,37354.878,0.000133,6e-05,0.0,8834.0,47.24,1454.433,30.6,4.12,2.875,15183.616,2.2,164.905,9.19,2.1,55.0,95.803,2.397,78.92,0.74,523798.0,0.6,0.00011454797460089577,120
MLI,Africa,Mali,8192.0,11.0,339.0,0.0,373.979,1.1e-05,0.000339,0.0,1133.0,44.44,15.196,16.4,2.519,1.486,2014.306,2.2,268.024,2.42,1.6,23.0,52.232,0.1,59.31,0.434,22593598.0,3.39,1.5004250319050556e-05,121
MLT,Europe,Malta,20047.0,102.0,297.0,2.0,38058.047,0.000102,0.000297,2e-06,3313.0,52.78,1454.037,42.4,19.426,11.324,36513.323,0.2,168.711,8.83,20.9,30.2,47.964,4.485,82.53,0.895,533293.0,2.97,0.0005569171168569623,122
MHL,Oceania,Marshall Islands,15042.0,35.0,17.0,0.0,357717.004,3.5e-05,1.7e-05,0.0,1133.0,47.24,295.15,30.626080159524133,6.614,3.915,3819.202,2.2,557.793,30.53,6.2,31.2,82.502,2.7,73.7,0.704,41593.0,0.17,0.00040872262159497995,123
MRT,Africa,Mauritania,16827.0,20.0,427.0,1.0,3646.174,2e-05,0.000427,1e-06,1133.0,50.93,4.289,20.3,3.138,1.792,3597.633,6.0,232.347,2.42,6.2,31.2,15.95,2.397,64.92,0.546,4736146.0,4.2700000000000005,9.015769361839774e-05,124
MUS,Africa,Mauritius,583.0,15.0,10.0,0.0,448.836,1.5e-05,1e-05,0.0,45.0,19.44,622.962,37.4,10.945,5.884,20292.745,0.5,224.644,22.02,3.2,40.7,47.964,3.4,74.99,0.804,1299478.0,0.1,7.695397690457244e-06,125
MEX,North America,Mexico,1869708.0,5448.0,159100.0,564.0,14756.371,0.005448,0.1591,0.000564,34.0,71.76,66.444,29.3,6.857,4.321,17336.469,2.5,152.783,13.06,6.9,21.4,87.847,1.38,75.05,0.779,127504120.0,1591.0,0.0012478028160972368,126
FSM,Oceania,Micronesia (country),7198.0,2.0,21.0,0.0,63625.355,2e-06,2.1e-05,0.0,1133.0,47.24,150.777,23.0,4.81,2.392,3299.464,16.0,454.343,12.02,6.2,31.2,47.964,2.397,67.88,0.62,114178.0,0.21,0.00018392334775525933,127
MDA,Europe,Moldova,159513.0,653.0,3434.0,10.0,52102.789,0.000653,0.003434,1e-05,1133.0,57.41,123.655,37.6,10.864,6.955,5189.972,0.2,408.502,5.72,5.9,44.6,86.979,5.8,71.9,0.75,3272993.0,34.34,0.001049192589168385,128
MCO,Europe,Monaco,1774.0,14.0,21.0,0.0,48356.321,1.4e-05,2.1e-05,0.0,8057.0,57.41,19347.5,30.626080159524133,6.614,3.915,13111.214,2.2,242.648,5.46,6.2,31.2,47.964,13.8,86.75,0.75,36491.0,0.21,0.0005754843660080568,129
MNG,Asia,Mongolia,167229.0,1019.0,722.0,6.0,49952.177,0.001019,0.000722,6e-06,3386.0,61.11,1.98,28.6,4.031,2.421,11840.846,0.5,460.043,4.82,5.5,46.5,71.18,7.0,69.87,0.737,3398373.0,7.22,0.00021245460695456327,130
MNE,Europe,Montenegro,62476.0,504.0,818.0,7.0,99506.418,0.000504,0.000818,7e-06,1133.0,47.24,46.28,39.1,14.762,9.395,16409.288,1.0,387.305,10.08,44.0,47.9,47.964,3.861,76.88,0.829,627082.0,8.18,0.0013044546008337027,131
MSR,North America,Montserrat,20.0,0.0,1.0,0.0,4527.96,0.0,1e-06,0.0,9744.0,47.24,85.129,30.626080159524133,6.614,3.915,13111.214,2.2,242.648,7.11,6.2,31.2,47.964,2.397,74.16,0.75,4413.0,0.01,0.00022660321776569228,132
MAR,Africa,Morocco,464844.0,1138.0,8105.0,29.0,12537.401,0.001138,0.008105,2.9e-05,1133.0,76.85,80.08,29.6,6.769,4.209,7485.013,1.0,419.146,7.14,0.8,47.1,47.964,1.1,76.68,0.686,37457976.0,81.05,0.00021637581272410447,133
MOZ,Africa,Mozambique,66212.0,148.0,746.0,3.0,2064.153,0.000148,0.000746,3e-06,33.0,55.56,37.728,17.7,3.158,1.87,1136.103,62.9,329.942,3.3,5.1,29.1,12.227,0.7,60.85,0.456,32969520.0,7.46,2.262695968882774e-05,134
MMR,Asia,Myanmar,141487.0,39.0,3181.0,1.0,2629.964,3.9e-05,0.003181,1e-06,382.0,70.37,81.721,29.1,5.732,3.12,5591.597,6.4,202.104,4.61,6.3,35.2,79.287,0.9,67.13,0.583,54179312.0,31.81,5.871244728984377e-05,135
NAM,Africa,Namibia,46875.0,102.0,608.0,4.0,18526.562,0.000102,0.000608,4e-06,143.0,46.76,3.078,22.0,3.552,2.085,9541.808,13.4,243.811,3.94,9.7,34.2,44.6,2.397,63.71,0.646,2567024.0,6.08,0.00023685014242173037,136
NRU,Oceania,Nauru,4407.0,0.0,1.0,0.0,352221.867,0.0,1e-06,0.0,946.0,47.24,682.45,30.626080159524133,6.614,3.915,12895.635,2.2,242.648,24.07,43.0,36.9,47.964,5.0,59.96,0.75,12691.0,0.01,7.87959971633441e-05,137
NPL,Asia,Nepal,275310.0,79.0,3014.0,0.0,9166.309,7.9e-05,0.003014,0.0,1452.0,29.63,204.43,25.0,5.809,3.212,2442.804,15.0,260.797,7.26,9.5,37.8,47.782,0.3,70.78,0.602,30547586.0,30.14,9.866573417618007e-05,138
NLD,Europe,Netherlands,976622.0,4198.0,13899.0,56.0,55801.563,0.004198,0.013899,5.6e-05,1263.0,82.41,508.544,43.2,18.779,11.881,48472.545,2.2,109.361,5.29,24.4,27.3,47.964,3.32,82.28,0.944,17564020.0,138.99,0.0007913336468530552,139
NCL,Oceania,New Caledonia,14157.0,328.0,282.0,0.0,49190.41,0.000328,0.000282,0.0,748.0,47.24,15.342,33.4,9.954,6.489,13111.214,2.2,242.648,23.36,6.2,31.2,47.964,2.397,77.55,0.75,289959.0,2.8200000000000003,0.0009725512917343487,140
NZL,Oceania,New Zealand,2322.0,2.0,28.0,0.0,452.656,2e-06,2.8e-05,0.0,1133.0,22.22,18.206,37.9,15.322,9.72,36085.843,2.2,128.797,8.08,14.8,17.2,47.964,2.61,82.29,0.931,5185289.0,0.27999999999999997,5.399891886450302e-06,141
NIC,North America,Nicaragua,4992.0,0.0,169.0,0.0,728.702,0.0,0.000169,0.0,1133.0,8.33,51.667,27.3,5.445,3.519,5321.444,3.2,137.016,11.47,6.2,31.2,47.964,0.9,74.48,0.66,6948395.0,1.69,2.432216360756693e-05,142
NER,Africa,Niger,4598.0,9.0,165.0,0.0,182.079,9e-06,0.000165,0.0,1133.0,28.7,16.955,15.1,2.553,1.378,926.0,44.5,238.339,2.42,0.1,15.4,8.978,0.3,62.42,0.394,26207982.0,1.65,6.295791869820423e-06,143
NGA,Africa,Nigeria,128674.0,1650.0,1577.0,30.0,602.967,0.00165,0.001577,3e-05,1133.0,58.33,209.588,18.1,2.751,1.447,5338.454,2.2,181.013,2.42,0.6,10.8,41.949,2.397,54.69,0.539,218541216.0,15.770000000000001,7.216030133190071e-06,144
PRK,Asia,North Korea,1.0,0.0,6.0,0.0,0.039,0.0,6e-06,0.0,1133.0,47.24,211.701,35.3,9.491,6.139,13111.214,2.2,321.681,4.0,6.2,31.2,47.964,13.2,72.27,0.75,26069416.0,0.060000000000000005,2.3015475298717853e-07,145
MKD,Europe,North Macedonia,93160.0,407.0,2873.0,7.0,44291.671,0.000407,0.002873,7e-06,1133.0,47.24,82.6,39.1,13.26,8.16,13111.214,5.0,322.688,10.08,6.2,31.2,47.964,4.28,75.8,0.774,2093606.0,28.73,0.0013722734841226094,146
NOR,Europe,Norway,61961.0,367.0,556.0,6.0,11467.844,0.000367,0.000556,6e-06,992.0,70.37,14.462,39.7,16.821,10.813,64800.057,0.2,114.316,5.31,19.6,20.7,47.964,3.6,82.4,0.957,5434324.0,5.56,0.00010231263354926942,147
OMN,Asia,Oman,135990.0,316.0,1535.0,1.0,30083.148,0.000316,0.001535,1e-06,38.0,45.37,14.98,30.7,2.355,1.53,37960.709,2.2,266.342,12.61,0.5,15.6,97.4,1.6,77.86,0.813,4576300.0,15.35,0.00033542381399820814,148
PAK,Asia,Pakistan,555511.0,1037.0,12026.0,59.0,2400.631,0.001037,0.012026,5.9e-05,14.0,50.46,255.573,23.5,4.495,2.78,5034.708,4.0,423.031,8.35,2.8,36.7,59.607,0.6,67.27,0.557,235824864.0,120.26,5.099547094406466e-05,149
PLW,Oceania,Palau,4732.0,0.0,6.0,0.0,262538.837,0.0,6e-06,0.0,1133.0,47.24,47.237,30.626080159524133,6.614,3.915,13240.405,2.2,242.648,15.89,7.7,22.7,47.964,4.8,73.7,0.826,18084.0,0.060000000000000005,0.00033178500331785003,150
PSE,Asia,Palestine,161087.0,661.0,1865.0,8.0,31380.226,0.000661,0.001865,8e-06,1133.0,77.78,778.202,20.4,3.043,1.726,4449.898,1.0,265.91,10.59,6.2,31.2,47.964,2.397,74.05,0.708,5250076.0,18.65,0.0003552329528182068,151
PAN,North America,Panama,316808.0,1408.0,5196.0,20.0,72808.219,0.001408,0.005196,2e-05,194.0,76.85,55.133,29.7,7.918,5.03,22267.037,2.2,128.346,8.33,2.4,9.9,47.964,2.3,78.51,0.815,4408582.0,51.96,0.00117861026516009,152
PNG,Oceania,Papua New Guinea,11273.0,11.0,121.0,6.0,1133.029,1.1e-05,0.000121,6e-06,21.0,50.0,18.22,22.6,3.808,2.142,3823.194,2.2,561.494,17.65,23.5,48.8,47.964,2.397,64.5,0.555,10142625.0,1.21,1.1929850507141889e-05,153
PRY,South America,Paraguay,131886.0,969.0,2694.0,12.0,19673.323,0.000969,0.002694,1.2e-05,1133.0,55.56,17.144,26.5,6.378,3.833,8827.01,1.7,199.128,8.27,5.0,21.6,79.602,1.3,74.25,0.728,6780745.0,26.94,0.0003973014764601825,154
PER,South America,Peru,1093938.0,11031.0,99910.0,499.0,32446.172,0.011031,0.09991,0.000499,1133.0,61.11,25.129,29.1,7.151,4.455,12236.706,3.5,85.755,5.95,4.8,31.2,47.964,1.6,76.74,0.777,34049588.0,999.1,0.0029342498945949067,155
PHL,Asia,Philippines,475820.0,1756.0,9248.0,4.0,4178.246,0.001756,0.009248,4e-06,1133.0,66.2,351.873,25.2,4.803,2.661,7599.188,2.2,370.437,7.07,7.8,40.8,78.463,1.0,71.23,0.718,115559008.0,92.47999999999999,8.002837822906891e-05,156
POL,Europe,Poland,1513385.0,4711.0,37180.0,98.0,39505.999,0.004711,0.03718,9.8e-05,1683.0,71.3,124.027,41.8,16.763,10.202,27216.445,2.2,227.331,5.91,23.3,33.1,47.964,6.62,78.73,0.88,39857144.0,371.79999999999995,0.0009328315144707809,157
PRT,Europe,Portugal,720516.0,9498.0,12482.0,303.0,70020.29,0.009498,0.012482,0.000303,1134.0,87.96,112.371,46.2,21.502,14.924,27936.896,0.5,127.842,9.85,16.3,30.0,47.964,3.39,82.05,0.864,10270857.0,124.82000000000001,0.0012152832037287638,158
QAT,Asia,Qatar,153296.0,398.0,250.0,1.0,57024.776,0.000398,0.00025,1e-06,1590.0,68.52,227.322,31.9,1.307,0.617,116935.6,2.2,176.69,16.52,0.8,26.9,47.964,1.2,80.23,0.848,2695131.0,2.5,9.275986955736104e-05,159
ROU,Europe,Romania,735484.0,2752.0,18600.0,87.0,38051.671,0.002752,0.0186,8.7e-05,1464.0,76.85,85.129,43.0,17.85,11.69,23313.199,5.7,370.946,9.74,22.9,37.1,47.964,6.892,76.05,0.828,19659270.0,185.99999999999997,0.0009461185486541463,160
RUS,Europe,Russia,3733692.0,17464.0,69971.0,580.0,25731.365,0.017464,0.069971,0.00058,612.0,50.46,8.823,39.6,14.178,9.393,24765.954,0.1,431.297,6.18,23.4,58.3,47.964,8.05,72.58,0.824,144713312.0,699.71,0.0004835146057606642,161
RWA,Africa,Rwanda,21106.0,131.0,297.0,2.0,1567.834,0.000131,0.000297,2e-06,279.0,71.3,494.869,20.3,2.974,1.642,1854.211,56.0,191.375,4.28,4.7,21.0,4.617,2.397,69.02,0.543,13776702.0,2.97,2.1558134885983597e-05,162
KNA,North America,Saint Kitts and Nevis,2774.0,7.0,28.0,0.0,58269.966,7e-06,2.8e-05,0.0,1867.0,47.24,212.865,30.626080159524133,6.614,3.915,24654.385,2.2,242.648,12.84,6.2,31.2,47.964,2.3,76.23,0.779,47681.0,0.27999999999999997,0.0005872360059562509,163
LCA,North America,Saint Lucia,5430.0,14.0,86.0,0.0,30225.102,1.4e-05,8.6e-05,0.0,639.0,47.24,293.187,34.9,9.721,6.405,12951.839,2.2,204.62,11.62,6.2,31.2,87.202,1.3,76.2,0.759,179872.0,0.86,0.0004781177726383206,164
SPM,North America,Saint Pierre and Miquelon,2727.0,0.0,1.0,0.0,463539.011,0.0,1e-06,0.0,1133.0,47.24,85.129,30.626080159524133,6.614,3.915,13111.214,2.2,242.648,7.11,6.2,31.2,47.964,2.397,81.07,0.75,5885.0,0.01,0.0001699235344095157,165
VCT,North America,Saint Vincent and the Grenadines,2320.0,0.0,12.0,0.0,22236.706,0.0,1.2e-05,0.0,6358.0,47.24,281.787,31.8,7.724,4.832,10727.146,2.2,252.675,11.62,6.2,31.2,47.964,2.6,72.53,0.738,103959.0,0.12000000000000001,0.00011543012149020286,166
WSM,Oceania,Samoa,14422.0,0.0,28.0,0.0,65924.924,0.0,2.8e-05,0.0,1255.0,47.24,69.413,22.0,5.606,3.564,6021.557,2.2,348.977,9.21,16.7,38.1,47.964,2.397,73.32,0.715,222390.0,0.27999999999999997,0.00012590494176896444,167
SMR,Europe,San Marino,2787.0,0.0,65.0,0.0,82587.566,0.0,6.5e-05,0.0,1133.0,69.44,556.667,30.626080159524133,6.614,3.915,56861.47,2.2,242.648,5.64,6.2,31.2,47.964,3.8,84.97,0.75,33690.0,0.6499999999999999,0.00192935589195607,168
STP,Africa,Sao Tome and Principe,1430.0,45.0,18.0,0.0,6409.481,4.5e-05,1.8e-05,0.0,1133.0,47.24,212.841,18.7,2.886,2.162,3052.714,32.3,270.113,2.42,6.2,31.2,41.34,2.9,70.39,0.625,227393.0,0.18,7.915810952843755e-05,169
SAU,Asia,Saudi Arabia,367813.0,270.0,6372.0,4.0,10231.125,0.00027,0.006372,4e-06,192.0,53.7,15.322,31.9,3.295,1.845,49045.411,2.2,259.538,17.72,1.8,25.4,47.964,2.7,75.13,0.854,36408824.0,63.72,0.00017501251894321004,170
SEN,Africa,Senegal,29245.0,188.0,700.0,11.0,1732.86,0.000188,0.0007,1.1e-05,1133.0,50.46,82.328,18.7,3.008,1.796,2470.58,38.0,241.219,2.42,0.4,16.6,20.859,2.397,67.94,0.512,17316452.0,7.0,4.0423985236698604e-05,171
SRB,Europe,Serbia,402700.0,1863.0,4085.0,14.0,58603.98,0.001863,0.004085,1.4e-05,2607.0,56.48,80.291,41.2,17.366,3.915,14048.881,2.2,439.415,10.08,37.7,40.2,97.719,5.609,76.0,0.806,6871547.0,40.85,0.000594480398664231,172
SYC,Africa,Seychelles,19082.0,101.0,91.0,0.0,179224.195,0.000101,9.1e-05,0.0,1167.0,84.26,208.354,36.2,8.606,5.586,26382.287,1.1,242.648,10.55,7.1,35.7,47.964,3.6,73.4,0.796,107135.0,0.91,0.0008493956223456386,173
SLE,Africa,Sierra Leone,3862.0,5.0,79.0,0.0,458.635,5e-06,7.9e-05,0.0,1133.0,51.85,104.7,19.1,2.538,1.285,1390.3,52.2,325.721,2.42,8.8,41.3,19.275,2.397,54.7,0.452,8605723.0,0.7899999999999999,9.179937583396537e-06,174
SGP,Asia,Singapore,59602.0,18.0,29.0,0.0,10928.928,1.8e-05,2.9e-05,0.0,2046.0,50.93,7915.731,42.4,12.922,7.049,85535.383,2.2,92.243,10.99,5.2,28.3,47.964,2.4,83.62,0.938,5637022.0,0.29,5.144560372480363e-06,175
SVK,Europe,Slovakia,477647.0,4072.0,5271.0,72.0,87679.909,0.004072,0.005271,7.2e-05,2043.0,71.3,113.128,41.2,15.07,9.167,30155.152,0.7,287.959,7.29,23.1,37.7,47.964,5.82,77.54,0.86,5643455.0,52.709999999999994,0.0009340023088693008,176
SVN,Europe,Slovenia,161662.0,1850.0,3425.0,19.0,76276.888,0.00185,0.003425,1.9e-05,997.0,75.93,102.619,44.5,19.062,12.93,31400.84,2.2,153.493,7.25,20.1,25.0,47.964,4.5,81.32,0.917,2119843.0,34.25,0.001615685689930811,177
SLB,Oceania,Solomon Islands,14182.0,1745.0,140.0,1.0,20035.29,0.001745,0.00014,1e-06,6346.0,77.72,21.841,20.8,3.507,2.043,2205.923,25.1,459.78,18.68,6.2,31.2,35.89,1.4,73.0,0.567,724272.0,1.4,0.00019329754567344864,178
SOM,Africa,Somalia,5273.0,90.0,154.0,2.0,308.984,9e-05,0.000154,2e-06,1133.0,2.78,23.5,16.8,2.731,1.496,13111.214,2.2,365.769,6.05,6.2,31.2,9.831,0.9,57.4,0.75,17597508.0,1.54,8.75123909589926e-06,179
ZAF,Africa,South Africa,1458958.0,2649.0,44946.0,547.0,24564.785,0.002649,0.044946,0.000547,1133.0,64.81,46.754,27.3,5.344,3.053,12294.876,18.9,200.38,5.52,8.1,33.2,43.993,2.32,64.13,0.709,59893884.0,449.46,0.0007504272055557459,180
KOR,Asia,South Korea,69651.0,537.0,1165.0,25.0,1343.832,0.000537,0.001165,2.5e-05,1133.0,63.89,527.967,43.4,13.914,8.622,35938.374,0.2,85.998,6.8,6.2,40.9,47.964,12.27,83.03,0.916,51815808.0,11.65,2.248348612068348e-05,181
SSD,Africa,South Sudan,8527.0,113.0,100.0,0.0,793.337,0.000113,0.0001,0.0,1133.0,77.78,85.129,19.2,3.441,2.032,1569.888,2.2,280.775,10.43,6.2,31.2,47.964,2.397,57.85,0.433,10913172.0,1.0,9.163238699069345e-06,182
ESP,Europe,Spain,2370742.0,34291.0,54173.0,404.0,49924.09,0.034291,0.054173,0.000404,1436.0,71.3,93.105,45.5,19.436,13.799,34272.36,1.0,99.403,7.17,27.4,31.4,47.964,2.97,83.56,0.904,47558632.0,541.73,0.0011390781803816393,183
LKA,Asia,Sri Lanka,67850.0,735.0,343.0,4.0,3116.182,0.000735,0.000343,4e-06,988.0,79.17,341.955,34.1,10.069,5.331,11669.077,0.7,197.093,10.68,0.3,27.0,47.964,3.6,76.98,0.782,21832150.0,3.4299999999999997,1.5710775164150117e-05,184
SDN,Africa,Sudan,29066.0,72.0,1798.0,38.0,636.614,7.2e-05,0.001798,3.8e-05,1133.0,25.93,23.258,19.7,3.548,2.034,4466.507,2.2,431.388,15.67,6.2,31.2,23.437,0.8,65.31,0.51,46874200.0,17.98,3.835798797632813e-05,185
SUR,South America,Suriname,8765.0,26.0,166.0,2.0,14298.905,2.6e-05,0.000166,2e-06,1133.0,70.37,3.612,29.6,6.933,4.229,13767.119,2.2,258.314,12.54,7.4,42.9,67.779,3.1,71.68,0.738,618046.0,1.66,0.00026858842222099975,186
SWE,Europe,Sweden,566957.0,2400.0,11591.0,71.0,54165.639,0.0024,0.011591,7.1e-05,1338.0,69.44,24.718,41.0,19.985,13.433,46949.283,0.5,133.982,4.79,18.8,18.9,47.964,2.22,82.8,0.945,10549349.0,115.91000000000001,0.0010987407848579093,187
CHE,Europe,Switzerland,495228.0,0.0,8871.0,40.0,56979.043,0.0,0.008871,4e-05,892.0,60.19,214.243,43.1,18.436,12.644,57410.166,2.2,99.739,5.59,22.6,28.9,47.964,4.53,83.78,0.955,8740471.0,88.71000000000001,0.0010149338634039286,188
SYR,Asia,Syria,14408.0,70.0,947.0,4.0,675.659,7e-05,0.000947,4e-06,1133.0,25.93,85.129,21.7,6.614,2.577,13111.214,2.2,376.264,7.11,6.2,31.2,70.598,1.5,72.7,0.567,22125242.0,9.47,4.2801791727295004e-05,189
TWN,Asia,Taiwan,838.0,4.0,7.0,0.0,35.122,4e-06,7e-06,0.0,1133.0,19.44,85.129,42.2,6.614,8.353,13111.214,2.2,103.957,7.11,6.2,31.2,47.964,2.397,80.46,0.75,23893396.0,0.06999999999999999,2.9296798161299466e-07,190
TJK,Asia,Tajikistan,13714.0,0.0,91.0,0.0,1406.555,0.0,9.1e-05,0.0,1133.0,31.48,64.281,23.3,3.466,2.155,2896.913,4.8,427.698,7.11,6.2,31.2,72.704,4.8,71.1,0.668,9952789.0,0.91,9.143165800058657e-06,191
TZA,Africa,Tanzania,509.0,0.0,21.0,0.0,8.005,0.0,2.1e-05,0.0,1133.0,12.04,64.699,17.7,3.108,1.874,2683.304,49.1,217.288,5.75,3.3,26.7,47.953,0.7,65.46,0.529,65497752.0,0.21,3.2062169095513384e-07,192
THA,Asia,Thailand,6884.0,194.0,61.0,0.0,96.144,0.000194,6.1e-05,0.0,1133.0,63.89,135.132,40.1,11.373,6.89,16277.671,0.1,109.861,7.04,1.9,38.8,90.67,2.1,77.15,0.777,71697024.0,0.61,8.508023987160193e-07,193
TLS,Asia,Timor,19707.0,4.0,119.0,0.0,14918.899,4e-06,0.000119,0.0,4970.0,46.3,87.176,18.0,3.556,1.897,6570.102,30.3,335.346,6.86,6.3,78.1,28.178,5.9,69.5,0.606,1341298.0,1.1900000000000002,8.872003089544605e-05,194
TGO,Africa,Togo,5436.0,80.0,79.0,0.0,628.815,8e-05,7.9e-05,0.0,1133.0,45.37,143.366,19.4,2.839,1.525,1429.813,49.2,280.033,6.15,0.9,14.2,10.475,0.7,61.04,0.515,8848700.0,0.7899999999999999,8.927865110129171e-06,195
TON,Oceania,Tonga,11636.0,70.0,11.0,0.0,109755.983,7e-05,1.1e-05,0.0,206.0,46.3,150.028,22.3,5.82,4.032,5425.621,2.2,227.49,15.42,11.8,44.4,47.964,2.6,70.91,0.725,106867.0,0.11,0.00010293168143580338,196
TTO,North America,Trinidad and Tobago,7607.0,21.0,135.0,0.0,4986.029,2.1e-05,0.000135,0.0,1133.0,68.52,266.886,36.2,10.014,5.819,28763.071,2.2,228.467,10.97,6.2,31.2,89.443,3.0,73.51,0.796,1531043.0,1.35,8.817518515156007e-05,197
TUN,Africa,Tunisia,207468.0,1438.0,6680.0,81.0,16918.284,0.001438,0.00668,8.1e-05,1133.0,71.3,74.228,32.7,8.001,5.075,10849.297,2.0,318.991,8.52,1.1,65.8,78.687,2.3,76.7,0.74,12356116.0,66.8,0.0005406229595125199,198
TUR,Asia,Turkey,2477463.0,6562.0,25993.0,128.0,29223.842,0.006562,0.025993,0.000128,1241.0,73.61,104.914,31.6,8.153,5.061,25129.341,0.2,171.285,12.13,14.1,41.1,47.964,2.81,77.69,0.82,85341248.0,259.93,0.000304577219212918,199
TCA,North America,Turks and Caicos Islands,1784.0,46.0,10.0,1.0,39544.266,4.6e-05,1e-05,1e-06,6823.0,47.24,37.312,30.626080159524133,6.614,3.915,13111.214,2.2,242.648,7.11,6.2,31.2,47.964,2.397,80.22,0.75,45726.0,0.1,0.00021869395967283382,200
UGA,Africa,Uganda,41797.0,31.0,342.0,1.0,911.528,3.1e-05,0.000342,1e-06,188.0,37.96,213.759,16.4,2.168,1.308,1697.707,41.6,213.333,2.5,3.4,16.7,21.222,0.5,63.37,0.544,47249588.0,3.4200000000000004,7.238158351772295e-06,201
UKR,Europe,Ukraine,1241863.0,4053.0,23307.0,159.0,28527.968,0.004053,0.023307,0.000159,1133.0,54.63,77.39,41.4,16.462,11.133,7894.393,0.1,539.849,7.11,13.5,47.4,47.964,8.8,72.06,0.779,39701744.0,233.07000000000002,0.0005870522967454528,202
ARE,Asia,United Arab Emirates,306339.0,2730.0,859.0,9.0,32710.549,0.00273,0.000859,9e-06,13160.0,62.04,112.442,34.0,1.144,0.526,67293.483,2.2,317.84,17.26,1.2,37.4,47.964,1.2,77.97,0.89,9441138.0,8.59,9.098479441779158e-05,203
GBR,Europe,United Kingdom,2256005.0,34693.0,91260.0,692.0,33531.066,0.034693,0.09126,0.000692,1133.0,79.63,272.898,40.8,18.517,12.527,39753.244,0.2,122.137,4.28,20.0,24.7,47.964,2.54,81.32,0.932,67508936.0,912.5999999999999,0.0013518210389214251,204
USA,North America,United States,24138613.0,176138.0,402953.0,1982.0,71628.437,0.176138,0.402953,0.001982,3107.0,71.76,35.608,38.3,15.413,9.732,54225.446,1.2,151.089,10.79,19.1,24.6,47.964,2.77,78.86,0.926,338289856.0,4029.53,0.001191147156360491,205
URY,South America,Uruguay,44303.0,499.0,478.0,2.0,12930.426,0.000499,0.000478,2e-06,1133.0,64.81,19.751,35.6,14.655,10.361,20551.409,0.1,160.708,6.93,14.0,19.9,47.964,2.8,77.91,0.817,3422796.0,4.78,0.00013965191030958316,206
UZB,Asia,Uzbekistan,79237.0,33.0,621.0,0.0,2324.93,3.3e-05,0.000621,0.0,1133.0,28.7,76.134,28.2,4.469,2.873,6253.104,2.2,724.417,7.57,1.3,24.7,47.964,4.0,71.72,0.72,34627648.0,6.21,1.793364654740628e-05,207
VUT,Oceania,Vanuatu,4.0,0.0,1.0,0.0,12.534,0.0,1e-06,0.0,2109.0,16.67,22.662,23.1,4.394,2.62,2921.909,13.2,546.3,12.02,2.8,34.5,25.209,2.397,70.47,0.609,326744.0,0.01,3.0604999632740005e-06,208
VEN,South America,Venezuela,131828.0,352.0,1260.0,7.0,4674.774,0.000352,0.00126,7e-06,1133.0,84.26,36.253,29.0,6.614,3.915,16745.022,2.2,204.85,6.47,6.2,31.2,47.964,0.8,72.06,0.711,28301700.0,12.6,4.4520293833939304e-05,209
VNM,Asia,Vietnam,2962.0,20.0,35.0,0.0,30.389,2e-05,3.5e-05,0.0,559.0,69.91,308.127,32.6,7.15,4.718,6171.884,2.0,245.465,6.0,1.0,45.9,85.847,2.6,75.4,0.704,98186856.0,0.35,3.5646319095908316e-07,210
WLF,Oceania,Wallis and Futuna,454.0,0.0,7.0,0.0,39047.046,0.0,7e-06,0.0,4657.0,47.24,85.129,30.626080159524133,6.614,3.915,13111.214,2.2,242.648,7.11,6.2,31.2,47.964,2.397,79.94,0.75,11596.0,0.06999999999999999,0.0006036564332528458,211
YEM,Asia,Yemen,2255.0,34.0,625.0,1.0,68.371,3.4e-05,0.000625,1e-06,1133.0,25.0,53.508,20.3,2.922,1.583,1479.147,18.8,495.003,5.35,7.6,29.2,49.542,0.7,66.12,0.47,33696612.0,6.25,1.8547858758025882e-05,212
ZMB,Africa,Zambia,64610.0,1037.0,881.0,12.0,3317.906,0.001037,0.000881,1.2e-05,1133.0,36.11,22.995,17.7,2.48,1.542,3689.251,57.5,234.499,3.94,3.1,24.7,13.938,2.0,63.89,0.584,20017670.0,8.809999999999999,4.401111617885598e-05,213
ZWE,Africa,Zimbabwe,257893.0,0.0,5606.0,0.0,16124.839,0.0,0.005606,0.0,1133.0,47.24,42.729,19.6,2.822,1.882,1899.775,21.4,307.846,1.82,1.6,30.7,36.791,1.7,61.49,0.571,16320539.0,56.06,0.000343493557412534,214
